email,password
user001@test.com,123456
user002@test.com,123456
user003@test.com,123456
user004@test.com,123456
user005@test.com,123456
user006@test.com,123456
user007@test.com,123456
user008@test.com,123456
user009@test.com,123456
user010@test.com,123456
user011@test.com,123456
user012@test.com,123456
user013@test.com,123456
user014@test.com,123456
user015@test.com,123456
user016@test.com,123456
user017@test.com,123456
user018@test.com,123456
user019@test.com,123456
user020@test.com,123456
user021@test.com,123456
user022@test.com,123456
user023@test.com,123456
user024@test.com,123456
user025@test.com,123456
user026@test.com,123456
user027@test.com,123456
user028@test.com,123456
user029@test.com,123456
user030@test.com,123456
user031@test.com,123456
user032@test.com,123456
user033@test.com,123456
user034@test.com,123456
user035@test.com,123456
user036@test.com,123456
user037@test.com,123456
user038@test.com,123456
user039@test.com,123456
user040@test.com,123456
user041@test.com,123456
user042@test.com,123456
user043@test.com,123456
user044@test.com,123456
user045@test.com,123456
user046@test.com,123456
user047@test.com,123456
user048@test.com,123456
user049@test.com,123456
user050@test.com,123456
user051@test.com,123456
user052@test.com,123456
user053@test.com,123456
user054@test.com,123456
user055@test.com,123456
user056@test.com,123456
user057@test.com,123456
user058@test.com,123456
user059@test.com,123456
user060@test.com,123456
user061@test.com,123456
user062@test.com,123456
user063@test.com,123456
user064@test.com,123456
user065@test.com,123456
user066@test.com,123456
user067@test.com,123456
user068@test.com,123456
user069@test.com,123456
user070@test.com,123456
user071@test.com,123456
user072@test.com,123456
user073@test.com,123456
user074@test.com,123456
user075@test.com,123456
user076@test.com,123456
user077@test.com,123456
user078@test.com,123456
user079@test.com,123456
user080@test.com,123456
user081@test.com,123456
user082@test.com,123456
user083@test.com,123456
user084@test.com,123456
user085@test.com,123456
user086@test.com,123456
user087@test.com,123456
user088@test.com,123456
user089@test.com,123456
user090@test.com,123456
user091@test.com,123456
user092@test.com,123456
user093@test.com,123456
user094@test.com,123456
user095@test.com,123456
user096@test.com,123456
user097@test.com,123456
user098@test.com,123456
user099@test.com,123456
user100@test.com,123456
user101@test.com,123456
user102@test.com,123456
user103@test.com,123456
user104@test.com,123456
user105@test.com,123456
user106@test.com,123456
user107@test.com,123456
user108@test.com,123456
user109@test.com,123456
user110@test.com,123456
user111@test.com,123456
user112@test.com,123456
user113@test.com,123456
user114@test.com,123456
user115@test.com,123456
user116@test.com,123456
user117@test.com,123456
user118@test.com,123456
user119@test.com,123456
user120@test.com,123456
user121@test.com,123456
user122@test.com,123456
user123@test.com,123456
user124@test.com,123456
user125@test.com,123456
user126@test.com,123456
user127@test.com,123456
user128@test.com,123456
user129@test.com,123456
user130@test.com,123456
user131@test.com,123456
user132@test.com,123456
user133@test.com,123456
user134@test.com,123456
user135@test.com,123456
user136@test.com,123456
user137@test.com,123456
user138@test.com,123456
user139@test.com,123456
user140@test.com,123456
user141@test.com,123456
user142@test.com,123456
user143@test.com,123456
user144@test.com,123456
user145@test.com,123456
user146@test.com,123456
user147@test.com,123456
user148@test.com,123456
user149@test.com,123456
user150@test.com,123456
user151@test.com,123456
user152@test.com,123456
user153@test.com,123456
user154@test.com,123456
user155@test.com,123456
user156@test.com,123456
user157@test.com,123456
user158@test.com,123456
user159@test.com,123456
user160@test.com,123456
user161@test.com,123456
user162@test.com,123456
user163@test.com,123456
user164@test.com,123456
user165@test.com,123456
user166@test.com,123456
user167@test.com,123456
user168@test.com,123456
user169@test.com,123456
user170@test.com,123456
user171@test.com,123456
user172@test.com,123456
user173@test.com,123456
user174@test.com,123456
user175@test.com,123456
user176@test.com,123456
user177@test.com,123456
user178@test.com,123456
user179@test.com,123456
user180@test.com,123456
user181@test.com,123456
user182@test.com,123456
user183@test.com,123456
user184@test.com,123456
user185@test.com,123456
user186@test.com,123456
user187@test.com,123456
user188@test.com,123456
user189@test.com,123456
user190@test.com,123456
user191@test.com,123456
user192@test.com,123456
user193@test.com,123456
user194@test.com,123456
user195@test.com,123456
user196@test.com,123456
user197@test.com,123456
user198@test.com,123456
user199@test.com,123456
user200@test.com,123456
user201@test.com,123456
user202@test.com,123456
user203@test.com,123456
user204@test.com,123456
user205@test.com,123456
user206@test.com,123456
user207@test.com,123456
user208@test.com,123456
user209@test.com,123456
user210@test.com,123456
user211@test.com,123456
user212@test.com,123456
user213@test.com,123456
user214@test.com,123456
user215@test.com,123456
user216@test.com,123456
user217@test.com,123456
user218@test.com,123456
user219@test.com,123456
user220@test.com,123456
user221@test.com,123456
user222@test.com,123456
user223@test.com,123456
user224@test.com,123456
user225@test.com,123456
user226@test.com,123456
user227@test.com,123456
user228@test.com,123456
user229@test.com,123456
user230@test.com,123456
user231@test.com,123456
user232@test.com,123456
user233@test.com,123456
user234@test.com,123456
user235@test.com,123456
user236@test.com,123456
user237@test.com,123456
user238@test.com,123456
user239@test.com,123456
user240@test.com,123456
user241@test.com,123456
user242@test.com,123456
user243@test.com,123456
user244@test.com,123456
user245@test.com,123456
user246@test.com,123456
user247@test.com,123456
user248@test.com,123456
user249@test.com,123456
user250@test.com,123456
user251@test.com,123456
user252@test.com,123456
user253@test.com,123456
user254@test.com,123456
user255@test.com,123456
user256@test.com,123456
user257@test.com,123456
user258@test.com,123456
user259@test.com,123456
user260@test.com,123456
user261@test.com,123456
user262@test.com,123456
user263@test.com,123456
user264@test.com,123456
user265@test.com,123456
user266@test.com,123456
user267@test.com,123456
user268@test.com,123456
user269@test.com,123456
user270@test.com,123456
user271@test.com,123456
user272@test.com,123456
user273@test.com,123456
user274@test.com,123456
user275@test.com,123456
user276@test.com,123456
user277@test.com,123456
user278@test.com,123456
user279@test.com,123456
user280@test.com,123456
user281@test.com,123456
user282@test.com,123456
user283@test.com,123456
user284@test.com,123456
user285@test.com,123456
user286@test.com,123456
user287@test.com,123456
user288@test.com,123456
user289@test.com,123456
user290@test.com,123456
user291@test.com,123456
user292@test.com,123456
user293@test.com,123456
user294@test.com,123456
user295@test.com,123456
user296@test.com,123456
user297@test.com,123456
user298@test.com,123456
user299@test.com,123456
user300@test.com,123456
